{"1": {"loss": 0.6938807916275144, "accuracy": 50.49800498004979, "test_accuracy": 49.331013379732404, "test_loss": 0.6959386869865354, "test_IoU": 0.24794498576568755}, "2": {"loss": 0.6936053962030242, "accuracy": 50.024000240002394}, "3": {"loss": 0.6933141504047923, "accuracy": 50.46500465004651}, "4": {"loss": 0.69313117284006, "accuracy": 50.60150601506015}, "5": {"loss": 0.6930720391978229, "accuracy": 51.03501035010349}, "6": {"loss": 0.6927010665241905, "accuracy": 51.20601206012061}}